-- MySQL Script generated by MySQL Workbench
-- Mon Apr 15 10:34:26 2019
-- Model: New Model    Version: 1.0
-- MySQL Workbench Forward Engineering

SET @OLD_UNIQUE_CHECKS=@@UNIQUE_CHECKS, UNIQUE_CHECKS=0;
SET @OLD_FOREIGN_KEY_CHECKS=@@FOREIGN_KEY_CHECKS, FOREIGN_KEY_CHECKS=0;
SET @OLD_SQL_MODE=@@SQL_MODE, SQL_MODE='ONLY_FULL_GROUP_BY,STRICT_TRANS_TABLES,NO_ZERO_IN_DATE,NO_ZERO_DATE,ERROR_FOR_DIVISION_BY_ZERO,NO_ENGINE_SUBSTITUTION';

-- -----------------------------------------------------
-- Schema musicstoredatabase
-- -----------------------------------------------------
DROP SCHEMA IF EXISTS `musicstoredatabase` ;

-- -----------------------------------------------------
-- Schema musicstoredatabase
-- -----------------------------------------------------
CREATE SCHEMA IF NOT EXISTS `musicstoredatabase` DEFAULT CHARACTER SET utf8 ;
USE `musicstoredatabase` ;

-- -----------------------------------------------------
-- Table `musicstoredatabase`.`artist`
-- -----------------------------------------------------
DROP TABLE IF EXISTS `musicstoredatabase`.`artist` ;

CREATE TABLE IF NOT EXISTS `musicstoredatabase`.`artist` (
  `artist_id` INT NOT NULL,
  `artist_name` VARCHAR(45) NULL,
  `artist_age` INT NULL,
  `artist_country` VARCHAR(45) NULL,
  PRIMARY KEY (`artist_id`))
ENGINE = InnoDB;


-- -----------------------------------------------------
-- Table `musicstoredatabase`.`genre`
-- -----------------------------------------------------
DROP TABLE IF EXISTS `musicstoredatabase`.`genre` ;

CREATE TABLE IF NOT EXISTS `musicstoredatabase`.`genre` (
  `genre_id` INT NOT NULL AUTO_INCREMENT,
  `genre_type` VARCHAR(45) NULL,
  PRIMARY KEY (`genre_id`))
ENGINE = InnoDB;


-- -----------------------------------------------------
-- Table `musicstoredatabase`.`album`
-- -----------------------------------------------------
DROP TABLE IF EXISTS `musicstoredatabase`.`album` ;

CREATE TABLE IF NOT EXISTS `musicstoredatabase`.`album` (
  `album_id` INT NOT NULL AUTO_INCREMENT,
  `album_name` VARCHAR(45) NULL,
  `album_releasedate` DATETIME NULL,
  `album_language` VARCHAR(45) NULL,
  `album_price` INT NULL,
  `artist_artist_id` INT NOT NULL,
  `album_quantity` INT NULL,
  `genre_genre_id` INT NOT NULL,
  `rating_outof5` INT NULL,
  PRIMARY KEY (`album_id`),
  CONSTRAINT `fk_album_artist1`
    FOREIGN KEY (`artist_artist_id`)
    REFERENCES `musicstoredatabase`.`artist` (`artist_id`)
    ON DELETE NO ACTION
    ON UPDATE NO ACTION,
  CONSTRAINT `fk_album_genre1`
    FOREIGN KEY (`genre_genre_id`)
    REFERENCES `musicstoredatabase`.`genre` (`genre_id`)
    ON DELETE NO ACTION
    ON UPDATE NO ACTION)
ENGINE = InnoDB;

CREATE INDEX `fk_album_artist1_idx` ON `musicstoredatabase`.`album` (`artist_artist_id` ASC) ;

CREATE INDEX `fk_album_genre1_idx` ON `musicstoredatabase`.`album` (`genre_genre_id` ASC) ;


-- -----------------------------------------------------
-- Table `musicstoredatabase`.`customers`
-- -----------------------------------------------------
DROP TABLE IF EXISTS `musicstoredatabase`.`customers` ;

CREATE TABLE IF NOT EXISTS `musicstoredatabase`.`customers` (
  `customer_id` INT NOT NULL,
  `customer_firstname` VARCHAR(45) NULL,
  `customer_lastname` VARCHAR(45) NULL,
  `customer_email` VARCHAR(45) NULL,
  `customer_address` VARCHAR(45) NULL,
  `customer_phone` VARCHAR(45) NULL,
  `customer_DOB` DATE NULL,
  PRIMARY KEY (`customer_id`))
ENGINE = InnoDB;


-- -----------------------------------------------------
-- Table `musicstoredatabase`.`orders`
-- -----------------------------------------------------
DROP TABLE IF EXISTS `musicstoredatabase`.`orders` ;

CREATE TABLE IF NOT EXISTS `musicstoredatabase`.`orders` (
  `order_id` INT NOT NULL,
  `order_date` DATETIME NULL,
  `customers_customer_id` INT NOT NULL,
  `order_shipdate` DATETIME NULL,
  PRIMARY KEY (`order_id`),
  CONSTRAINT `fk_order_customers1`
    FOREIGN KEY (`customers_customer_id`)
    REFERENCES `musicstoredatabase`.`customers` (`customer_id`)
    ON DELETE NO ACTION
    ON UPDATE NO ACTION)
ENGINE = InnoDB;

CREATE INDEX `fk_order_customers1_idx` ON `musicstoredatabase`.`orders` (`customers_customer_id` ASC) ;


-- -----------------------------------------------------
-- Table `musicstoredatabase`.`order_item`
-- -----------------------------------------------------
DROP TABLE IF EXISTS `musicstoredatabase`.`order_item` ;

CREATE TABLE IF NOT EXISTS `musicstoredatabase`.`order_item` (
  `item_id` INT NOT NULL AUTO_INCREMENT,
  `item_price` DECIMAL(10,2) NOT NULL,
  `item_quantity` INT NOT NULL,
  `order_order_id` INT NOT NULL,
  `album_album_id` INT NOT NULL,
  `total_price` DECIMAL(10,2) NULL,
  PRIMARY KEY (`item_id`),
  CONSTRAINT `fk_order_item_order1`
    FOREIGN KEY (`order_order_id`)
    REFERENCES `musicstoredatabase`.`orders` (`order_id`)
    ON DELETE NO ACTION
    ON UPDATE NO ACTION,
  CONSTRAINT `fk_order_item_album1`
    FOREIGN KEY (`album_album_id`)
    REFERENCES `musicstoredatabase`.`album` (`album_id`)
    ON DELETE NO ACTION
    ON UPDATE NO ACTION)
ENGINE = InnoDB;

CREATE INDEX `fk_order_item_order1_idx` ON `musicstoredatabase`.`order_item` (`order_order_id` ASC) ;

CREATE INDEX `fk_order_item_album1_idx` ON `musicstoredatabase`.`order_item` (`album_album_id` ASC);


-- -----------------------------------------------------
-- Table `musicstoredatabase`.`inventory`
-- -----------------------------------------------------
DROP TABLE IF EXISTS `musicstoredatabase`.`inventory` ;

CREATE TABLE IF NOT EXISTS `musicstoredatabase`.`inventory` (
  `inventory_id` INT NOT NULL AUTO_INCREMENT,
  `album_quantity` VARCHAR(45) NULL,
  `album_album_id` INT NOT NULL,
  PRIMARY KEY (`inventory_id`),
  CONSTRAINT `fk_inventory_album1`
    FOREIGN KEY (`album_album_id`)
    REFERENCES `musicstoredatabase`.`album` (`album_id`)
    ON DELETE NO ACTION
    ON UPDATE NO ACTION)
ENGINE = InnoDB;

CREATE INDEX `fk_inventory_album1_idx` ON `musicstoredatabase`.`inventory` (`album_album_id` ASC) ;


SET SQL_MODE=@OLD_SQL_MODE;
SET FOREIGN_KEY_CHECKS=@OLD_FOREIGN_KEY_CHECKS;
SET UNIQUE_CHECKS=@OLD_UNIQUE_CHECKS;

-- -----------------------------------------------------
-- Data for table `musicstoredatabase`.`artist`
-- -----------------------------------------------------
START TRANSACTION;
USE `musicstoredatabase`;
INSERT INTO `musicstoredatabase`.`artist` (`artist_id`, `artist_name`, `artist_age`, `artist_country`) VALUES (1, 'psy', 45, 'korea');
INSERT INTO `musicstoredatabase`.`artist` (`artist_id`, `artist_name`, `artist_age`, `artist_country`) VALUES (2, 'daft ounk', 30, 'paris');
INSERT INTO `musicstoredatabase`.`artist` (`artist_id`, `artist_name`, `artist_age`, `artist_country`) VALUES (3, 'nick jonas', 24, 'america');
INSERT INTO `musicstoredatabase`.`artist` (`artist_id`, `artist_name`, `artist_age`, `artist_country`) VALUES (4, 'enrique lglesias', 43, 'spain');
INSERT INTO `musicstoredatabase`.`artist` (`artist_id`, `artist_name`, `artist_age`, `artist_country`) VALUES (5, 'tufu', 28, 'singapore');
INSERT INTO `musicstoredatabase`.`artist` (`artist_id`, `artist_name`, `artist_age`, `artist_country`) VALUES (6, 'drake', 30, 'canada');
INSERT INTO `musicstoredatabase`.`artist` (`artist_id`, `artist_name`, `artist_age`, `artist_country`) VALUES (7, 'shawn', 26, 'germany');

COMMIT;


-- -----------------------------------------------------
-- Data for table `musicstoredatabase`.`genre`
-- -----------------------------------------------------
START TRANSACTION;
USE `musicstoredatabase`;
INSERT INTO `musicstoredatabase`.`genre` (`genre_id`, `genre_type`) VALUES (1, 'classical');
INSERT INTO `musicstoredatabase`.`genre` (`genre_id`, `genre_type`) VALUES (2, 'rock');
INSERT INTO `musicstoredatabase`.`genre` (`genre_id`, `genre_type`) VALUES (3, 'jazz');
INSERT INTO `musicstoredatabase`.`genre` (`genre_id`, `genre_type`) VALUES (4, 'pop');
INSERT INTO `musicstoredatabase`.`genre` (`genre_id`, `genre_type`) VALUES (5, 'techno');
INSERT INTO `musicstoredatabase`.`genre` (`genre_id`, `genre_type`) VALUES (6, 'sufi');
INSERT INTO `musicstoredatabase`.`genre` (`genre_id`, `genre_type`) VALUES (7, 'bollywood');
INSERT INTO `musicstoredatabase`.`genre` (`genre_id`, `genre_type`) VALUES (8, 'religious');

COMMIT;


-- -----------------------------------------------------
-- Data for table `musicstoredatabase`.`album`
-- -----------------------------------------------------
START TRANSACTION;
USE `musicstoredatabase`;
INSERT INTO `musicstoredatabase`.`album` (`album_id`, `album_name`, `album_releasedate`, `album_language`, `album_price`, `artist_artist_id`, `album_quantity`, `genre_genre_id`, `rating_outof5`) VALUES (1, 'chains', '2016-01-27', 'mandarin', 53, 2, 20, 1, 1);
INSERT INTO `musicstoredatabase`.`album` (`album_id`, `album_name`, `album_releasedate`, `album_language`, `album_price`, `artist_artist_id`, `album_quantity`, `genre_genre_id`, `rating_outof5`) VALUES (2, 'scorpions', '2017-03-03', 'spanish', 75, 3, 10, 2, 4);
INSERT INTO `musicstoredatabase`.`album` (`album_id`, `album_name`, `album_releasedate`, `album_language`, `album_price`, `artist_artist_id`, `album_quantity`, `genre_genre_id`, `rating_outof5`) VALUES (3, 'loyalty', '2020-10-02', 'english', 96, 1, 35, 3, 2);
INSERT INTO `musicstoredatabase`.`album` (`album_id`, `album_name`, `album_releasedate`, `album_language`, `album_price`, `artist_artist_id`, `album_quantity`, `genre_genre_id`, `rating_outof5`) VALUES (4, 'pride', '2019-05-12', 'french', 63, 4, 5, 4, 4);
INSERT INTO `musicstoredatabase`.`album` (`album_id`, `album_name`, `album_releasedate`, `album_language`, `album_price`, `artist_artist_id`, `album_quantity`, `genre_genre_id`, `rating_outof5`) VALUES (5, 'humble', '2016-04-25', 'korean', 85, 5, 25, 5, 4);
INSERT INTO `musicstoredatabase`.`album` (`album_id`, `album_name`, `album_releasedate`, `album_language`, `album_price`, `artist_artist_id`, `album_quantity`, `genre_genre_id`, `rating_outof5`) VALUES (6, 'love', '2018-09-19', 'spainish', 59, 1, 15, 5, 5);
INSERT INTO `musicstoredatabase`.`album` (`album_id`, `album_name`, `album_releasedate`, `album_language`, `album_price`, `artist_artist_id`, `album_quantity`, `genre_genre_id`, `rating_outof5`) VALUES (7, 'thriller', '2017-12-08', 'english', 99, 3, 40, 4, 1);
INSERT INTO `musicstoredatabase`.`album` (`album_id`, `album_name`, `album_releasedate`, `album_language`, `album_price`, `artist_artist_id`, `album_quantity`, `genre_genre_id`, `rating_outof5`) VALUES (8, 'rumours', '2019-11-17', 'french', 81, 4, 20, 3, 2);
INSERT INTO `musicstoredatabase`.`album` (`album_id`, `album_name`, `album_releasedate`, `album_language`, `album_price`, `artist_artist_id`, `album_quantity`, `genre_genre_id`, `rating_outof5`) VALUES (9, 'supernatural', '2020-02-25', 'mandarin', 68, 5, 45, 2, 3);
INSERT INTO `musicstoredatabase`.`album` (`album_id`, `album_name`, `album_releasedate`, `album_language`, `album_price`, `artist_artist_id`, `album_quantity`, `genre_genre_id`, `rating_outof5`) VALUES (10 , 'spice', '2018-09-28', 'korean', 80, 2, 12, 1, 5);
INSERT INTO `musicstoredatabase`.`album` (`album_id`, `album_name`, `album_releasedate`, `album_language`, `album_price`, `artist_artist_id`, `album_quantity`, `genre_genre_id`, `rating_outof5`) VALUES (11, 'love', '2019-02-21', 'english', 70, 3, 13, 4, 1);
INSERT INTO `musicstoredatabase`.`album` (`album_id`, `album_name`, `album_releasedate`, `album_language`, `album_price`, `artist_artist_id`, `album_quantity`, `genre_genre_id`, `rating_outof5`) VALUES (12, 'chains', '2019-01-21', 'spanish', 72, 1, 15, 2, 2);
INSERT INTO `musicstoredatabase`.`album` (`album_id`, `album_name`, `album_releasedate`, `album_language`, `album_price`, `artist_artist_id`, `album_quantity`, `genre_genre_id`, `rating_outof5`) VALUES (13, 'kiki', '2019-03-22', 'gujarati', 80, 7, 11, 5, 4);

COMMIT;


-- -----------------------------------------------------
-- Data for table `musicstoredatabase`.`customers`
-- -----------------------------------------------------
START TRANSACTION;
USE `musicstoredatabase`;
INSERT INTO `musicstoredatabase`.`customers` (`customer_id`, `customer_firstname`, `customer_lastname`, `customer_email`, `customer_address`, `customer_phone`, `customer_DOB`) VALUES (1, 'yash', 'joshi', 'yj@gmail.com', '100 queen st north', '226-988-8365', '1995-01-27');
INSERT INTO `musicstoredatabase`.`customers` (`customer_id`, `customer_firstname`, `customer_lastname`, `customer_email`, `customer_address`, `customer_phone`, `customer_DOB`) VALUES (2, 'shailee', 'choxi', 'sc@gmail.com', '100 queen st south', '226-988-8366', '1994-04-25');
INSERT INTO `musicstoredatabase`.`customers` (`customer_id`, `customer_firstname`, `customer_lastname`, `customer_email`, `customer_address`, `customer_phone`, `customer_DOB`) VALUES (3, 'vidhyalaxmi', 'thumkur', 'vt@gmail.com', 'near weber scott', '226-988-8367', '1995-12-08');
INSERT INTO `musicstoredatabase`.`customers` (`customer_id`, `customer_firstname`, `customer_lastname`, `customer_email`, `customer_address`, `customer_phone`, `customer_DOB`) VALUES (4, 'karan', 'more', 'km@gmail.com', '365 pioneer drive', '226-988-8368', '1993-03-03');
INSERT INTO `musicstoredatabase`.`customers` (`customer_id`, `customer_firstname`, `customer_lastname`, `customer_email`, `customer_address`, `customer_phone`, `customer_DOB`) VALUES (5, 'aniket ', 'jagnani', 'aj@gmail.com', '357 pioneer drive', '226-988-8369', '1992-10-21');
INSERT INTO `musicstoredatabase`.`customers` (`customer_id`, `customer_firstname`, `customer_lastname`, `customer_email`, `customer_address`, `customer_phone`, `customer_DOB`) VALUES (6, 'rudra', 'pandya', 'rp@gmail.com', '100 queen st west', '226-988-8370', '1998-09-28');
INSERT INTO `musicstoredatabase`.`customers` (`customer_id`, `customer_firstname`, `customer_lastname`, `customer_email`, `customer_address`, `customer_phone`, `customer_DOB`) VALUES (7, 'dhairya', 'joshi', 'dj@gmail.com', '9 patel colony', '8000-586-345', '1999-09-19');
INSERT INTO `musicstoredatabase`.`customers` (`customer_id`, `customer_firstname`, `customer_lastname`, `customer_email`, `customer_address`, `customer_phone`, `customer_DOB`) VALUES (8, 'vraj', 'choxi', 'vc@gmail.com', 'uma cross road', '812-868-5678', '1995-09-16');
INSERT INTO `musicstoredatabase`.`customers` (`customer_id`, `customer_firstname`, `customer_lastname`, `customer_email`, `customer_address`, `customer_phone`, `customer_DOB`) VALUES (9, 'deep', 'vaghela', 'dv@gmail.com', 'main cross road', '812-868-5679', '1994-10-19');

COMMIT;


-- -----------------------------------------------------
-- Data for table `musicstoredatabase`.`orders`
-- -----------------------------------------------------
START TRANSACTION;
USE `musicstoredatabase`;
INSERT INTO `musicstoredatabase`.`orders` (`order_id`, `order_date`, `customers_customer_id`, `order_shipdate`) VALUES (1, '2019-03-21', 1, '2019-03-28');
INSERT INTO `musicstoredatabase`.`orders` (`order_id`, `order_date`, `customers_customer_id`, `order_shipdate`) VALUES (2, '2019-01-27', 2, '2019-02-05');
INSERT INTO `musicstoredatabase`.`orders` (`order_id`, `order_date`, `customers_customer_id`, `order_shipdate`) VALUES (3, '2019-02-25', 3, '2019-03-04');
INSERT INTO `musicstoredatabase`.`orders` (`order_id`, `order_date`, `customers_customer_id`, `order_shipdate`) VALUES (4, '2019-02-13', 4, '2019-02-20');
INSERT INTO `musicstoredatabase`.`orders` (`order_id`, `order_date`, `customers_customer_id`, `order_shipdate`) VALUES (5, '2019-04-10', 5, '2019-04-17');
INSERT INTO `musicstoredatabase`.`orders` (`order_id`, `order_date`, `customers_customer_id`, `order_shipdate`) VALUES (6, '2019-01-19', 6, '2019-01-27');
INSERT INTO `musicstoredatabase`.`orders` (`order_id`, `order_date`, `customers_customer_id`, `order_shipdate`) VALUES (7, '2019-03-10', 7, '2019-03-17');
INSERT INTO `musicstoredatabase`.`orders` (`order_id`, `order_date`, `customers_customer_id`, `order_shipdate`) VALUES (8, '2019-04-05', 1, '2019-04-13');

COMMIT;


-- -----------------------------------------------------
-- Data for table `musicstoredatabase`.`order_item`
-- -----------------------------------------------------
START TRANSACTION;
USE `musicstoredatabase`;
INSERT INTO `musicstoredatabase`.`order_item` (`item_id`, `item_price`, `item_quantity`, `order_order_id`, `album_album_id`, `total_price`) VALUES (1, 75, 1, 1, 2, 75);
INSERT INTO `musicstoredatabase`.`order_item` (`item_id`, `item_price`, `item_quantity`, `order_order_id`, `album_album_id`, `total_price`) VALUES (2, 85, 2, 2, 5, 170);
INSERT INTO `musicstoredatabase`.`order_item` (`item_id`, `item_price`, `item_quantity`, `order_order_id`, `album_album_id`, `total_price`) VALUES (3, 58.55, 1, 3, 6, 58.55);
INSERT INTO `musicstoredatabase`.`order_item` (`item_id`, `item_price`, `item_quantity`, `order_order_id`, `album_album_id`, `total_price`) VALUES (4, 80.72, 4, 4, 8, 322.88);
INSERT INTO `musicstoredatabase`.`order_item` (`item_id`, `item_price`, `item_quantity`, `order_order_id`, `album_album_id`, `total_price`) VALUES (5, 79.99, 6, 5, 10, 479.94);
INSERT INTO `musicstoredatabase`.`order_item` (`item_id`, `item_price`, `item_quantity`, `order_order_id`, `album_album_id`, `total_price`) VALUES (6, 67.99, 3, 6, 9, 203.97);
INSERT INTO `musicstoredatabase`.`order_item` (`item_id`, `item_price`, `item_quantity`, `order_order_id`, `album_album_id`, `total_price`) VALUES (7, 62.99, 8, 7, 4, 503.92);
INSERT INTO `musicstoredatabase`.`order_item` (`item_id`, `item_price`, `item_quantity`, `order_order_id`, `album_album_id`, `total_price`) VALUES (8, 75, 1, 8, 2, 75);
INSERT INTO `musicstoredatabase`.`order_item` (`item_id`, `item_price`, `item_quantity`, `order_order_id`, `album_album_id`, `total_price`) VALUES (9, 85, 2, 1, 5, 170);
INSERT INTO `musicstoredatabase`.`order_item` (`item_id`, `item_price`, `item_quantity`, `order_order_id`, `album_album_id`, `total_price`) VALUES (10, 75, 3, 2, 2, 225);
INSERT INTO `musicstoredatabase`.`order_item` (`item_id`, `item_price`, `item_quantity`, `order_order_id`, `album_album_id`, `total_price`) VALUES (11, 67.99, 1, 3, 9, 67.99);
INSERT INTO `musicstoredatabase`.`order_item` (`item_id`, `item_price`, `item_quantity`, `order_order_id`, `album_album_id`, `total_price`) VALUES (12, 58.55, 1, 4, 6, 58.55);
INSERT INTO `musicstoredatabase`.`order_item` (`item_id`, `item_price`, `item_quantity`, `order_order_id`, `album_album_id`, `total_price`) VALUES (13, 79.99, 2, 6, 10, 159.98);
INSERT INTO `musicstoredatabase`.`order_item` (`item_id`, `item_price`, `item_quantity`, `order_order_id`, `album_album_id`, `total_price`) VALUES (14, 85, 4, 3, 5, 340);
INSERT INTO `musicstoredatabase`.`order_item` (`item_id`, `item_price`, `item_quantity`, `order_order_id`, `album_album_id`, `total_price`) VALUES (15, 62.99, 5, 8, 4, 314.95);

COMMIT;


-- -----------------------------------------------------
-- Data for table `musicstoredatabase`.`inventory`
-- -----------------------------------------------------
START TRANSACTION;
USE `musicstoredatabase`;
INSERT INTO `musicstoredatabase`.`inventory` (`inventory_id`, `album_quantity`, `album_album_id`) VALUES (1, '3', 1);
INSERT INTO `musicstoredatabase`.`inventory` (`inventory_id`, `album_quantity`, `album_album_id`) VALUES (2, '2', 2);
INSERT INTO `musicstoredatabase`.`inventory` (`inventory_id`, `album_quantity`, `album_album_id`) VALUES (3, '4', 4);
INSERT INTO `musicstoredatabase`.`inventory` (`inventory_id`, `album_quantity`, `album_album_id`) VALUES (4, '0', 7);
INSERT INTO `musicstoredatabase`.`inventory` (`inventory_id`, `album_quantity`, `album_album_id`) VALUES (5, '0', 8);
INSERT INTO `musicstoredatabase`.`inventory` (`inventory_id`, `album_quantity`, `album_album_id`) VALUES (6, '7', 5);
INSERT INTO `musicstoredatabase`.`inventory` (`inventory_id`, `album_quantity`, `album_album_id`) VALUES (7, '2', 1);
INSERT INTO `musicstoredatabase`.`inventory` (`inventory_id`, `album_quantity`, `album_album_id`) VALUES (8, '4', 2);
INSERT INTO `musicstoredatabase`.`inventory` (`inventory_id`, `album_quantity`, `album_album_id`) VALUES (9, '5', 12);

COMMIT;

